"PointID","x","y","z","Surface_Sensitivity"
0, -2.000000000000e+00, 0.000000000000e+00, 0.000000000000e+00, 1.0
1, 2.000000000000e+00, 0.000000000000e+00, 0.000000000000e+00, 1.0
6, -2.000000000000e+00, 0.000000000000e+00, -1.000000000000e+00, 1.0
11, 2.000000000000e+00, 0.000000000000e+00, -1.000000000000e+00, 1.0
12, -2.000000000000e+00, 8.630123734474e-01, 5.051053166389e-01, 1.0
13, -2.000000000000e+00, -8.775439858437e-01, -4.788343608379e-01, 1.0
14, -2.000000000000e+00, -3.269940018654e-01, 9.448969364166e-01, 1.0
15, -2.000000000000e+00, 4.005438791514e-01, -9.159960607667e-01, 1.0
16, 2.000000000000e+00, 9.575124382973e-01, -2.875828444958e-01, 1.0
17, 2.000000000000e+00, -9.070443511009e-01, 4.206578433514e-01, 1.0
18, 2.000000000000e+00, -3.771997642018e-01, -9.259182775295e-01, 1.0
19, 2.000000000000e+00, 3.451776206493e-01, 9.382126331329e-01, 1.0
20, 1.003797277808e-01, -2.449293705170e-16, -1.000000000000e+00, 1.0
21, 8.527056574821e-01, -2.449293705170e-16, -1.000000000000e+00, 1.0
22, -1.393436491489e-01, -2.449293705170e-16, -1.000000000000e+00, 1.0
23, -8.512284159660e-01, -2.449293705170e-16, -1.000000000000e+00, 1.0
24, -2.000000000000e+00, 9.824715852737e-01, 1.859378963709e-01, 1.0
25, -2.000000000000e+00, 7.957835793495e-01, -6.050627827644e-01, 1.0
26, -2.000000000000e+00, 9.503034005047e-01, -3.106290890867e-01, 1.0
27, -2.000000000000e+00, 7.250653505325e-01, 6.881936192513e-01, 1.0
28, -2.000000000000e+00, 9.349182844162e-01, 3.541392982006e-01, 1.0
29, -2.000000000000e+00, -9.865357279778e-01, -1.618881523609e-01, 1.0
30, -2.000000000000e+00, -8.095310926437e-01, 5.869520306587e-01, 1.0
31, -2.000000000000e+00, -9.408546090126e-01, 3.379905223846e-01, 1.0
32, -2.000000000000e+00, -7.584338784218e-01, -6.512396335602e-01, 1.0
33, -2.000000000000e+00, -9.418684840202e-01, -3.352324366570e-01, 1.0
34, -2.000000000000e+00, 1.243052482605e-01, 9.920437335968e-01, 1.0
35, -2.000000000000e+00, 5.572830438614e-01, 8.300341963768e-01, 1.0
36, -2.000000000000e+00, 3.502158820629e-01, 9.363605380058e-01, 1.0
37, -2.000000000000e+00, -6.030157804489e-01, 7.973597049713e-01, 1.0
38, -2.000000000000e+00, -7.447061687708e-02, 9.969915747643e-01, 1.0
39, -1.093725085258e+00, -2.449293705170e-16, -1.000000000000e+00, 1.0
40, -1.605157375336e+00, -2.449293705170e-16, -1.000000000000e+00, 1.0
41, -2.000000000000e+00, -1.957479864359e-01, -9.804138541222e-01, 1.0
42, -2.000000000000e+00, -5.922890901566e-01, -8.056188821793e-01, 1.0
43, -2.000000000000e+00, -3.866988122463e-01, -9.218807816505e-01, 1.0
44, -2.000000000000e+00, 5.786286592484e-01, -8.152830600739e-01, 1.0
45, -2.000000000000e+00, 1.921763011095e-01, -9.811630386475e-01, 1.0
46, 2.000000000000e+00, 9.913032650948e-01, 1.308273226023e-01, 1.0
47, 2.000000000000e+00, 7.918083071709e-01, 6.102257370949e-01, 1.0
48, 2.000000000000e+00, 9.316069483757e-01, 3.631473779678e-01, 1.0
49, 2.000000000000e+00, 8.005049228668e-01, -5.989308953285e-01, 1.0
50, 2.000000000000e+00, 9.976512789726e-01, -6.468085944653e-02, 1.0
51, 2.000000000000e+00, -9.845386147499e-01, 1.742990314960e-01, 1.0
52, 2.000000000000e+00, -7.848948240280e-01, -6.192045807838e-01, 1.0
53, 2.000000000000e+00, -9.358384013176e-01, -3.516362607479e-01, 1.0
54, 2.000000000000e+00, -7.847279906273e-01, 6.194213032722e-01, 1.0
55, 1.099154710770e+00, -2.449293705170e-16, -1.000000000000e+00, 1.0
56, 1.756127238274e+00, -2.449293705170e-16, -1.000000000000e+00, 1.0
57, 2.000000000000e+00, 5.673054456711e-01, -8.231081366539e-01, 1.0
58, 2.000000000000e+00, 2.970977723598e-01, -9.545360803604e-01, 1.0
59, 2.000000000000e+00, -5.705435872078e-01, -8.208703398705e-01, 1.0
60, 2.000000000000e+00, -1.958308858433e-01, -9.803964514805e-01, 1.0
61, 2.000000000000e+00, -8.548904955387e-02, 9.962490797043e-01, 1.0
62, 2.000000000000e+00, -5.660985708237e-01, 8.239421844482e-01, 1.0
63, 2.000000000000e+00, -3.258544802666e-01, 9.453158378601e-01, 1.0
64, 2.000000000000e+00, 5.858042836189e-01, 8.103242516518e-01, 1.0
65, 2.000000000000e+00, 1.138125807047e-01, 9.932349324226e-01, 1.0
66, 4.714984893799e-01, -2.449293705170e-16, -1.000000000000e+00, 1.0
67, -4.844682812691e-01, -2.449293705170e-16, -1.000000000000e+00, 1.0
68, 1.517225980759e+00, -2.449293705170e-16, -1.000000000000e+00, 1.0
127, 2.000000000000e+00, -9.946537613869e-01, -1.013152226806e-01, 1.0
128, -2.000000000000e+00, -9.956601262093e-01, 9.245102107525e-02, 1.0
129, -2.000000000000e+00, 9.989800481680e-01, -4.496248432555e-02, 1.0
303, -1.661351084709e+00, -8.819209337234e-01, -4.702017009258e-01, 1.0
304, -7.067088484764e-01, 8.814513683319e-01, 4.710065126419e-01, 1.0
305, -1.133005857468e+00, -3.887513577938e-01, -9.203876852989e-01, 1.0
306, -1.712452769279e-01, 3.813710212708e-01, -9.237464070320e-01, 1.0
307, -7.059080600739e-01, -8.809330463409e-01, -4.718949794769e-01, 1.0
308, 7.033910155296e-01, -4.380031824112e-01, -8.979735374451e-01, 1.0
309, 1.121816873550e+00, -4.121760129929e-01, 9.097272753716e-01, 1.0
310, -1.660268068314e+00, 8.778865933418e-01, 4.771170616150e-01, 1.0
311, 1.644411236048e-01, 5.636587738991e-01, -8.249900937080e-01, 1.0
312, 2.956158816814e-01, 4.031430482864e-01, -9.138381481171e-01, 1.0
313, -6.755506247282e-02, 5.555247068405e-01, -8.309267759323e-01, 1.0
314, 3.833433091640e-01, 5.690702795982e-01, -8.210405111313e-01, 1.0
315, 8.280315995216e-02, -5.881022810936e-01, 8.071499466896e-01, 1.0
316, -1.236163427609e-01, -6.060622033461e-01, 7.940418455509e-01, 1.0
317, -1.287799253222e-01, -4.553069295541e-01, 8.900987219073e-01, 1.0
318, 3.193863034248e-01, -5.758623480797e-01, 8.160832524300e-01, 1.0
319, -4.943694643251e-01, -2.192621360878e-01, 9.745378674543e-01, 1.0
320, -3.677283678773e-01, -4.152349307070e-01, 9.083351957724e-01, 1.0
321, -5.046693086624e-01, 2.327967733145e-01, 9.713564515114e-01, 1.0
322, -6.636778712273e-01, -3.403147161007e-01, 9.392372369766e-01, 1.0
323, 4.598205983639e-01, -1.686874032021e-01, -9.851285219193e-01, 1.0
324, 4.760346710682e-01, 2.106688171625e-01, -9.765577912331e-01, 1.0
325, 7.159067392349e-01, -2.332609295845e-01, -9.712473154068e-01, 1.0
326, 5.217657089233e-01, -3.878536224365e-01, -9.207962155342e-01, 1.0
327, -7.965113201528e-02, 5.856575477940e-01, 8.089342410601e-01, 1.0
328, -4.080279767513e-01, 4.232992827892e-01, 9.046651721001e-01, 1.0
329, 1.040523905789e-01, 6.146030275739e-01, 7.878083008557e-01, 1.0
330, 1.731482915471e-01, 4.608604369718e-01, 8.873704729446e-01, 1.0
331, -3.215086858637e-01, 5.737418608879e-01, 8.176309388169e-01, 1.0
332, -7.932461798191e-02, -5.715585350990e-01, -8.192244172096e-01, 1.0
333, 1.153476759791e-01, -5.952489376068e-01, -8.019339442253e-01, 1.0
334, 3.303720355034e-01, -3.449952900410e-01, -9.376451969147e-01, 1.0
335, 1.067096367478e-01, -4.126251935959e-01, -9.095228910446e-01, 1.0
336, -3.131594657898e-01, -5.587948560715e-01, -8.285400271416e-01, 1.0
337, -4.914236664772e-01, 1.550893336535e-01, -9.869959950447e-01, 1.0
338, -4.061306118965e-01, 3.603687286377e-01, -9.324162006378e-01, 1.0
339, -4.981648921967e-01, -1.669576913118e-01, -9.853660464287e-01, 1.0
340, -4.045652747154e-01, -3.816303908825e-01, -9.236283898354e-01, 1.0
341, -7.244415283203e-01, 1.849428415298e-01, -9.826049208641e-01, 1.0
342, -6.079218983650e-01, 3.301048874855e-01, -9.427099227905e-01, 1.0
343, 4.945682287216e-01, 2.448027282953e-01, 9.685343503952e-01, 1.0
344, 3.840616007941e-01, 4.332460315163e-01, 9.001384754030e-01, 1.0
345, 5.038450360298e-01, -2.353626638651e-01, 9.707533121109e-01, 1.0
346, 4.085025787354e-01, -4.239512085915e-01, 9.043684601784e-01, 1.0
347, 7.324434518814e-01, 2.837687134743e-01, 9.584702849388e-01, 1.0
348, 6.401771903038e-01, 4.208701848984e-01, 9.057706594467e-01, 1.0
349, -4.502692818642e-01, 9.648181796074e-01, 2.606121301651e-01, 1.0
350, -5.033668279648e-01, 9.727422595024e-01, -2.269011139870e-01, 1.0
351, -7.025677561760e-01, 9.433260560036e-01, 3.282934129238e-01, 1.0
352, -5.215263366699e-01, 8.943427801132e-01, 4.459812343121e-01, 1.0
353, 4.576219916344e-01, 9.667789936066e-01, -2.522705197334e-01, 1.0
354, 5.030801892281e-01, 9.742757081985e-01, 2.203774303198e-01, 1.0
355, 7.000042200089e-01, 9.497919678688e-01, -3.092834353447e-01, 1.0
356, 5.549728870392e-01, 8.967778086662e-01, -4.406306147575e-01, 1.0
357, 4.792566597462e-02, 7.010098695755e-01, -7.126033902168e-01, 1.0
358, -6.191117689013e-02, 8.161268830299e-01, -5.758026838303e-01, 1.0
359, -4.050886631012e-01, 9.062211513519e-01, -4.198803007603e-01, 1.0
360, 1.755151599646e-01, 8.154961466789e-01, -5.766668319702e-01, 1.0
361, 3.128911852837e-01, 9.007771611214e-01, -4.318425953388e-01, 1.0
362, 7.420755177736e-02, 9.025421738625e-01, -4.279642403126e-01, 1.0
363, -3.011115789413e-01, 8.154033422470e-01, -5.767940282822e-01, 1.0
364, -1.346018910408e-02, 7.217157483101e-01, 6.909023523331e-01, 1.0
365, 7.610170543194e-02, 8.249480724335e-01, 5.637163519859e-01, 1.0
366, 4.085578620434e-01, 9.102656245232e-01, 4.109930694103e-01, 1.0
367, -1.491310064083e-01, 8.225621327424e-01, 5.669854385616e-01, 1.0
368, -2.944086492062e-01, 9.002439975739e-01, 4.330141842365e-01, 1.0
369, -6.207930296659e-02, 9.043782949448e-01, 4.239296019077e-01, 1.0
370, 3.062092959881e-01, 8.261770606041e-01, 5.620325207710e-01, 1.0
371, -4.494665861130e-01, -9.646828174591e-01, -2.611881792545e-01, 1.0
372, -5.024880170822e-01, -9.735056757927e-01, 2.236534357071e-01, 1.0
373, -7.020679712296e-01, -9.432054162025e-01, -3.286480307579e-01, 1.0
374, -5.199644565582e-01, -8.938301801682e-01, -4.471075534821e-01, 1.0
375, 4.553103744984e-01, -9.680191278458e-01, 2.469944953918e-01, 1.0
376, 5.047076940536e-01, -9.720883965492e-01, -2.296828925610e-01, 1.0
377, 7.103748016017e-01, -9.778596090321e-01, 2.051305807355e-01, 1.0
378, 5.516093373299e-01, -9.016723632812e-01, 4.298754930496e-01, 1.0
379, 1.455922915543e-02, -7.201037545628e-01, 6.926904166984e-01, 1.0
380, -7.431641221046e-02, -8.245413303375e-01, 5.642736554146e-01, 1.0
381, -4.057712554932e-01, -9.088222980499e-01, 4.141645431519e-01, 1.0
382, 1.572389453650e-01, -8.218840956688e-01, 5.679144859314e-01, 1.0
383, 3.052053749561e-01, -9.036303162575e-01, 4.255732893944e-01, 1.0
384, 6.684288382530e-02, -9.058291316032e-01, 4.207416474819e-01, 1.0
385, -3.070008158684e-01, -8.234522938728e-01, 5.657657980919e-01, 1.0
386, -7.083525415510e-03, -7.109866142273e-01, -7.028031945229e-01, 1.0
387, 8.149398863316e-02, -8.194225430489e-01, -5.712871551514e-01, 1.0
388, 4.093761444092e-01, -9.066343307495e-01, -4.189723730087e-01, 1.0
389, -1.471610367298e-01, -8.164762258530e-01, -5.753239393234e-01, 1.0
390, -2.922818660736e-01, -8.992533683777e-01, -4.351909458637e-01, 1.0
391, -5.947076529264e-02, -9.026090502739e-01, -4.278173744678e-01, 1.0
392, 3.122343420982e-01, -8.187844157219e-01, -5.721613764763e-01, 1.0
393, -1.486250162125e+00, 9.754676818848e-01, -2.153065353632e-01, 1.0
394, -1.417760372162e+00, 9.663985967636e-01, 2.538887262344e-01, 1.0
395, -1.261268854141e+00, 9.423223733902e-01, -3.312443196774e-01, 1.0
396, -1.290828108788e+00, 9.020388126373e-01, 4.290703237057e-01, 1.0
397, -1.578212849120e+00, 8.978868934174e-01, -4.381935554401e-01, 1.0
398, -1.715531587601e+00, 8.070387244225e-01, -5.882546901703e-01, 1.0
399, -1.485852003098e+00, 8.949388265610e-01, 4.446714818478e-01, 1.0
400, -2.000000000000e+00, 8.260309100151e-01, 3.403050899506e-01, 1.0
401, -1.334194540977e+00, 8.173602819443e-01, 5.741127133369e-01, 1.0
402, -1.548640966415e+00, 8.055445551872e-01, 5.903018712997e-01, 1.0
403, -1.015273571014e+00, 8.248306512833e-01, -5.638772845268e-01, 1.0
404, -1.082283854485e+00, 9.053975939751e-01, -4.216899275780e-01, 1.0
405, -1.460568831020e+00, -9.732437698701e-01, 2.247675648558e-01, 1.0
406, -1.418282985687e+00, -9.668647646904e-01, -2.519054710865e-01, 1.0
407, -1.260449528694e+00, -9.420924186707e-01, 3.319204151630e-01, 1.0
408, -1.291991233826e+00, -9.023969769478e-01, -4.282832443714e-01, 1.0
409, -1.564322215718e+00, -9.007961147799e-01, 4.318009646383e-01, 1.0
410, -1.709110644461e+00, -8.078182894998e-01, 5.871865568233e-01, 1.0
411, -1.487152099609e+00, -8.965333700180e-01, -4.411676824093e-01, 1.0
412, -2.000000000000e+00, -8.398815989494e-01, -3.106035292149e-01, 1.0
413, -1.336634397507e+00, -8.189849853516e-01, -5.718865990639e-01, 1.0
414, -1.550983786583e+00, -8.110334873199e-01, -5.827813148499e-01, 1.0
415, -1.013003230095e+00, -8.261009454727e-01, 5.621367692947e-01, 1.0
416, -1.080721259117e+00, -9.056571125984e-01, 4.211196005344e-01, 1.0
417, -1.379642486572e+00, 1.986680328846e-01, 9.793787002563e-01, 1.0
418, -1.450638532639e+00, -1.570980846882e-01, 9.867200851440e-01, 1.0
419, -1.202467322350e+00, 2.713808119297e-01, 9.622869491577e-01, 1.0
420, -1.349439859390e+00, 3.866731822491e-01, 9.213334321976e-01, 1.0
421, -1.251618862152e+00, -3.208629786968e-01, 9.458533525467e-01, 1.0
422, -1.537252545357e+00, -4.094123244286e-01, 9.109849929810e-01, 1.0
423, -2.000000000000e+00, -6.097669601440e-01, 4.540871083736e-01, 1.0
424, -1.276592135429e+00, -5.452815890312e-01, 8.381203413010e-01, 1.0
425, -1.500334449249e+00, -5.921337008987e-01, 8.042076024179e-01, 1.0
426, -1.029103755951e+00, 5.691695809364e-01, 8.209680318832e-01, 1.0
427, -1.119055032730e+00, 4.096796214581e-01, 9.108633995056e-01, 1.0
428, -1.479077696800e+00, -2.030988782644e-01, -9.783371686935e-01, 1.0
429, -1.463419914246e+00, 2.050341963768e-01, -9.778822660446e-01, 1.0
430, -1.230557441711e+00, -1.996783912182e-01, -9.791411757469e-01, 1.0
431, -1.378290891647e+00, -3.870300948620e-01, -9.211710095406e-01, 1.0
432, -1.330444216728e+00, 3.542990684509e-01, -9.344806671143e-01, 1.0
433, -1.590404868126e+00, -3.771667480469e-01, -9.256597757339e-01, 1.0
434, -2.000000000000e+00, -5.784103274345e-01, -5.681375861168e-01, 1.0
435, -1.558084249496e+00, 4.284553527832e-01, -9.023186564445e-01, 1.0
436, -1.999999880791e+00, 5.294759869576e-01, -5.989100337029e-01, 1.0
437, -1.300299882889e+00, 5.427593588829e-01, -8.395918011665e-01, 1.0
438, -1.513359304218e+00, 5.955656916209e-01, -8.017027542920e-01, 1.0
439, -1.034451842308e+00, -5.601072311401e-01, -8.275822401047e-01, 1.0
440, 1.417274236679e+00, 9.734669327736e-01, 2.238182127476e-01, 1.0
441, 1.428357958794e+00, 9.813771247864e-01, -1.901661306620e-01, 1.0
442, 1.149296232157e+00, 9.351077369452e-01, 3.524555538092e-01, 1.0
443, 1.313360810280e+00, 9.052020907402e-01, 4.221194982529e-01, 1.0
444, 1.237526059151e+00, 9.410761594772e-01, -3.349082469940e-01, 1.0
445, 1.558633565903e+00, 8.929458260536e-01, 4.490508735180e-01, 1.0
446, 1.724684596062e+00, 8.020547628403e-01, 5.950833559036e-01, 1.0
447, 1.537860949380e+00, 8.995618811749e-01, -4.345130134678e-01, 1.0
448, 1.259719848633e+00, 8.243756890297e-01, -5.645005702972e-01, 1.0
449, 1.505199764371e+00, 7.987131144329e-01, -5.996619145228e-01, 1.0
450, 1.093988418579e+00, 8.473862409592e-01, 5.293986797333e-01, 1.0
451, 1.486701726913e+00, -9.743962287903e-01, -2.198647111654e-01, 1.0
452, 1.434836268425e+00, -9.648055434227e-01, 2.606658935547e-01, 1.0
453, 1.261358976364e+00, -9.413866400719e-01, -3.339953422546e-01, 1.0
454, 1.298632025719e+00, -8.912654519081e-01, 4.527432024479e-01, 1.0
455, 1.570138590416e+00, -8.976347431124e-01, -4.387476190603e-01, 1.0
456, 1.716243982315e+00, -8.007981777191e-01, -5.968050360680e-01, 1.0
457, 1.521099567413e+00, -8.743945360184e-01, 4.831029176712e-01, 1.0
458, 1.999999880791e+00, -7.772368788719e-01, 3.370397090912e-01, 1.0
459, 1.330870628357e+00, -7.935988306999e-01, 6.066691875458e-01, 1.0
460, 1.546312689781e+00, -7.451947331429e-01, 6.648593544960e-01, 1.0
461, 1.016180753708e+00, -8.234617114067e-01, -5.657528638840e-01, 1.0
462, 1.082483410835e+00, -9.044183492661e-01, -4.238415956497e-01, 1.0
463, 1.506486296654e+00, 1.646774411201e-01, -9.856792092323e-01, 1.0
464, 1.500129818916e+00, -1.771846860647e-01, -9.839615821838e-01, 1.0
465, 1.233767151833e+00, 1.905028522015e-01, -9.812979698181e-01, 1.0
466, 1.370720148087e+00, 3.744803965092e-01, -9.268822669983e-01, 1.0
467, 1.348202586174e+00, -3.461357951164e-01, -9.372572898865e-01, 1.0
468, 1.586947798729e+00, 3.577670753002e-01, -9.333010911942e-01, 1.0
469, 1.999999880791e+00, 5.257598757744e-01, -5.932804942131e-01, 1.0
470, 1.599935761910e+00, -4.250412042180e-01, -9.038724323529e-01, 1.0
471, 1.999999880791e+00, -5.405682921410e-01, -6.279250979424e-01, 1.0
472, 1.311162948608e+00, -5.389054417610e-01, -8.418400883675e-01, 1.0
473, 1.509882150396e+00, -5.870995877210e-01, -8.078817641448e-01, 1.0
474, 1.019454002380e+00, 5.534745454788e-01, -8.324230909348e-01, 1.0
475, 1.125786542892e+00, 3.822240829468e-01, -9.233582019806e-01, 1.0
476, 1.432835936546e+00, -1.925694495440e-01, 9.808121919632e-01, 1.0
477, 1.382609486580e+00, 2.369474321604e-01, 9.703807830811e-01, 1.0
478, 1.215245723724e+00, -2.791811227798e-01, 9.600306749344e-01, 1.0
479, 1.354112982750e+00, -3.995254039764e-01, 9.154844880104e-01, 1.0
480, 1.293949484825e+00, 4.285395741463e-01, 9.022803306580e-01, 1.0
481, 1.564262390137e+00, -3.660988807678e-01, 9.304671883583e-01, 1.0
482, 1.999999880791e+00, -5.102343559265e-01, 5.925337672234e-01, 1.0
483, 1.524731516838e+00, 4.507606327534e-01, 8.921676874161e-01, 1.0
484, 2.000000000000e+00, 5.087328553200e-01, 6.201384067535e-01, 1.0
485, 1.347560763359e+00, 5.793452858925e-01, 8.135412335396e-01, 1.0
486, 1.530134439468e+00, 6.092035770416e-01, 7.917491197586e-01, 1.0
487, 1.027930378914e+00, -5.634691119194e-01, 8.251285552979e-01, 1.0
488, -3.101451992989e-01, 5.433266162872e-01, -8.392608165741e-01, 1.0
489, -5.827163457870e-01, 5.252116322517e-01, -8.498288989067e-01, 1.0
490, -4.343189895153e-01, 6.924768090248e-01, -7.202963232994e-01, 1.0
491, -3.401048098856e-01, -5.441996866753e-01, 8.387515057942e-01, 1.0
492, -5.951372981071e-01, -5.542037487030e-01, 8.318908810616e-01, 1.0
493, -4.407579600811e-01, -7.108026146889e-01, 7.030073404312e-01, 1.0
494, -7.892135977745e-01, 5.711072683334e-01, 8.195537924767e-01, 1.0
495, -9.760830402374e-01, 2.316211163998e-01, 9.716327786446e-01, 1.0
496, -8.848370313644e-01, 4.177193641663e-01, 9.072045683861e-01, 1.0
497, -6.479070186615e-01, 4.204020202160e-01, 9.059836864471e-01, 1.0
498, -5.523301362991e-01, 5.724773406982e-01, 8.185538649559e-01, 1.0
499, 7.964839935303e-01, 5.571106672287e-01, -8.297692537308e-01, 1.0
500, 9.902496337891e-01, 1.977998912334e-01, -9.795827269554e-01, 1.0
501, 8.890025019646e-01, 3.881748020649e-01, -9.206500649452e-01, 1.0
502, 6.614825725555e-01, 3.997924029827e-01, -9.153629541397e-01, 1.0
503, 5.878278017044e-01, 5.653123855591e-01, -8.237832188606e-01, 1.0
504, 3.027795291875e-01, 5.898692975039e-01, 8.058602836338e-01, 1.0
505, 5.387172698975e-01, 5.808624625206e-01, 8.124339580536e-01, 1.0
506, 4.280112385750e-01, 7.185261249542e-01, 6.944403648376e-01, 1.0
507, 3.313321769238e-01, -5.383031368256e-01, -8.421914577484e-01, 1.0
508, 5.804150104523e-01, -5.638523697853e-01, -8.248487710953e-01, 1.0
509, 4.439024329185e-01, -7.008125185966e-01, -7.127813100815e-01, 1.0
510, -7.895821332932e-01, -5.563651323318e-01, -8.303133845329e-01, 1.0
511, -9.897907972336e-01, -1.979689449072e-01, -9.795430302620e-01, 1.0
512, -8.890273571014e-01, -3.850812315941e-01, -9.220579266548e-01, 1.0
513, -6.456277370453e-01, -3.789170980453e-01, -9.248631596565e-01, 1.0
514, -5.501334667206e-01, -5.528129339218e-01, -8.329060077667e-01, 1.0
515, 7.928224802017e-01, -5.657531619072e-01, 8.234615325928e-01, 1.0
516, 9.762758016586e-01, -2.368510365486e-01, 9.704034328461e-01, 1.0
517, 8.857831358910e-01, -4.168412685394e-01, 9.076041579247e-01, 1.0
518, 6.492372751236e-01, -4.194134473801e-01, 9.064335823059e-01, 1.0
519, 5.577887892723e-01, -5.697124600410e-01, 8.205717802048e-01, 1.0
520, -7.772258520126e-01, 8.206673860550e-01, -5.695815086365e-01, 1.0
521, -9.755467176437e-01, 9.695487618446e-01, -2.404869794846e-01, 1.0
522, -8.728423118591e-01, 9.065203070641e-01, -4.192228615284e-01, 1.0
523, -6.408886909485e-01, 9.065821766853e-01, -4.190869629383e-01, 1.0
524, -5.393512248993e-01, 8.160946965218e-01, -5.758467316628e-01, 1.0
525, 8.000354766846e-01, 8.326280713081e-01, 5.531937479973e-01, 1.0
526, 9.380807876587e-01, 9.790030717850e-01, 2.002660632133e-01, 1.0
527, 8.932527899742e-01, 9.234564900398e-01, 3.820081353188e-01, 1.0
528, 6.484307050705e-01, 9.143186807632e-01, 4.020870923996e-01, 1.0
529, 5.446152091026e-01, 8.277397155762e-01, 5.598914027214e-01, 1.0
530, 4.088353812695e-01, 8.117050528526e-01, -5.818611383438e-01, 1.0
531, 6.308058865832e-01, 8.046414087906e-01, -5.915393257624e-01, 1.0
532, 5.000096559525e-01, 6.974227428436e-01, -7.158373594284e-01, 1.0
533, -3.816379058394e-01, 8.192001351086e-01, 5.715918434642e-01, 1.0
534, -5.884610776257e-01, 8.118059983304e-01, 5.817228404534e-01, 1.0
535, -4.608235359192e-01, 7.047027945518e-01, 7.092740535736e-01, 1.0
536, -7.769233584404e-01, -8.241303563118e-01, 5.648368000984e-01, 1.0
537, -9.746502041817e-01, -9.697375297546e-01, 2.396839857101e-01, 1.0
538, -8.715376257896e-01, -9.075925946236e-01, 4.168666601181e-01, 1.0
539, -6.405078768730e-01, -9.085339307785e-01, 4.147982895374e-01, 1.0
540, -5.419945716858e-01, -8.228941559792e-01, 5.665305256844e-01, 1.0
541, 7.783174514771e-01, -8.207245469093e-01, -5.695031285286e-01, 1.0
542, 9.752007722855e-01, -9.687685966492e-01, -2.438060790300e-01, 1.0
543, 8.733119964600e-01, -9.057497978210e-01, -4.209159910679e-01, 1.0
544, 6.426717042923e-01, -9.063801765442e-01, -4.195307791233e-01, 1.0
545, 5.441145300865e-01, -8.183119297028e-01, -5.728088021278e-01, 1.0
546, 3.927403390408e-01, -8.163970112801e-01, 5.754324793816e-01, 1.0
547, 6.243199664064e-01, -8.138615986524e-01, 5.789063817784e-01, 1.0
548, 4.739846587181e-01, -7.035543918610e-01, 7.103093862534e-01, 1.0
549, -3.734393119812e-01, -8.106045722961e-01, -5.833689570427e-01, 1.0
550, -5.939663648605e-01, -8.063893318176e-01, -5.891444683075e-01, 1.0
551, -4.582360684872e-01, -6.955891251564e-01, -7.174904346466e-01, 1.0
552, -2.000000000000e+00, 3.854190111160e-01, 1.271500885487e-01, 1.0
553, -1.999999880791e+00, 6.824974417686e-01, 2.000311464071e-01, 1.0
554, -2.000000000000e+00, 3.060913980007e-01, -1.825999617577e-01, 1.0
555, -2.000000000000e+00, 6.268605589867e-01, -9.477072209120e-02, 1.0
556, -9.311191439629e-01, 7.117887735367e-01, 7.019134163857e-01, 1.0
557, -8.387388077985e-01, 8.202480317513e-01, 5.701560791485e-01, 1.0
558, -1.082507014275e+00, 8.418232202530e-01, 5.389343500137e-01, 1.0
559, -9.285359382629e-01, 9.731884598732e-01, 2.250028401613e-01, 1.0
560, -8.948335051537e-01, 9.084146022797e-01, 4.150604009628e-01, 1.0
561, -1.132048845291e+00, 9.416370391846e-01, 3.332592546940e-01, 1.0
562, -2.000000000000e+00, -3.769294023514e-01, -5.983202159405e-02, 1.0
563, -2.000000000000e+00, -6.960920691490e-01, -1.581213921309e-01, 1.0
564, -2.000000000000e+00, -6.393418312073e-01, 1.476503014565e-01, 1.0
565, -9.326987266541e-01, -7.063820362091e-01, -7.077601552010e-01, 1.0
566, -8.168095946312e-01, -8.148814439774e-01, -5.775090456009e-01, 1.0
567, -1.083888292313e+00, -8.411858677864e-01, -5.400268435478e-01, 1.0
568, -9.285389184952e-01, -9.731697440147e-01, -2.250825166702e-01, 1.0
569, -8.949097990990e-01, -9.079780578613e-01, -4.160197675228e-01, 1.0
570, -1.132596135139e+00, -9.416788220406e-01, -3.331362605095e-01, 1.0
571, -2.000000000000e+00, -1.468189954758e-01, 8.737232536077e-02, 1.0
572, -1.999999880791e+00, -9.391523897648e-02, 3.282436430454e-01, 1.0
573, -2.000000000000e+00, -4.061119165272e-03, 5.867580175400e-01, 1.0
574, -1.999999980354e+00, 8.452815197111e-02, 1.000621567927e-01, 1.0
575, -2.000000000000e+00, 1.787536442280e-01, 3.592194914818e-01, 1.0
576, -2.000000000000e+00, 2.577991783619e-01, 6.277529597282e-01, 1.0
577, -9.084841012955e-01, -7.176441550255e-01, 6.954185962677e-01, 1.0
578, -8.111475110054e-01, -6.107864379883e-01, 7.905938625336e-01, 1.0
579, -1.012647390366e+00, -5.864423513412e-01, 8.083614110947e-01, 1.0
580, -9.595421552658e-01, -2.592130005360e-01, 9.651470780373e-01, 1.0
581, -8.527246713638e-01, -4.702309668064e-01, 8.819038271904e-01, 1.0
582, -1.070625066757e+00, -4.404866397381e-01, 8.968433141708e-01, 1.0
583, -2.000000000000e+00, 2.563537738635e-02, -1.978470863975e-01, 1.0
584, -2.000000000000e+00, 8.691065013409e-02, -3.884537220001e-01, 1.0
585, -2.000000000000e+00, 1.339416056871e-01, -6.315989494324e-01, 1.0
586, -2.000000000000e+00, -1.364747136831e-01, -8.741121739149e-02, 1.0
587, -2.000000000000e+00, -1.904599070549e-01, -3.173434734344e-01, 1.0
588, -2.000000000000e+00, -9.709966182709e-02, -5.746231675148e-01, 1.0
589, -9.090576171875e-01, 7.102186679840e-01, -7.036550641060e-01, 1.0
590, -8.044592738152e-01, 5.870574116707e-01, -8.079125285149e-01, 1.0
591, -1.019053339958e+00, 5.632793307304e-01, -8.252670764923e-01, 1.0
592, -9.710768461227e-01, 1.971640139818e-01, -9.797322154045e-01, 1.0
593, -8.315975070000e-01, 4.015995562077e-01, -9.145405292511e-01, 1.0
594, -1.110971808434e+00, 3.806827366352e-01, -9.240596294403e-01, 1.0
595, 2.000000000000e+00, 3.185214400291e-01, -2.002875208855e-01, 1.0
596, 2.000000000000e+00, 6.077108383179e-01, -1.014886647463e-01, 1.0
597, 1.999999880791e+00, 3.414379656315e-01, 9.806977957487e-02, 1.0
598, 1.999999880791e+00, 6.137722730637e-01, 1.592024564743e-01, 1.0
599, 9.139539003372e-01, 6.879236698151e-01, -7.244011759758e-01, 1.0
600, 8.198614938716e-01, 7.848109835819e-01, -6.187097696030e-01, 1.0
601, 1.000552058220e+00, 8.018169999123e-01, -5.954090952873e-01, 1.0
602, 9.528445005417e-01, 9.649600386620e-01, -2.600088119507e-01, 1.0
603, 8.169263005257e-01, 8.804261684418e-01, -4.727639257908e-01, 1.0
604, 1.053513884544e+00, 8.924907445908e-01, -4.500507712364e-01, 1.0
605, 2.000000000000e+00, -3.263701498508e-01, 1.691793799400e-01, 1.0
606, 2.000000000000e+00, -6.486434936523e-01, 9.906715899706e-02, 1.0
607, 2.000000000000e+00, -4.024463295937e-01, -9.398610889912e-02, 1.0
608, 1.999999880791e+00, -6.495455503464e-01, -1.923809945583e-01, 1.0
609, 9.342377185822e-01, -6.980106830597e-01, 7.153072953224e-01, 1.0
610, 8.371826186860e-01, -7.983658938779e-01, 6.001376550323e-01, 1.0
611, 1.074676990509e+00, -8.263686895370e-01, 5.617699027061e-01, 1.0
612, 9.145344495773e-01, -9.741729497910e-01, 2.208145856857e-01, 1.0
613, 8.320094943047e-01, -8.973373174667e-01, 4.394011199474e-01, 1.0
614, 1.121956586838e+00, -9.372063875198e-01, 3.462854921818e-01, 1.0
615, 2.000000000000e+00, -1.614569425583e-01, -4.390540719032e-02, 1.0
616, 2.000000000000e+00, -1.906228214502e-01, -2.950211763382e-01, 1.0
617, 2.000000000000e+00, -1.025985628366e-01, -5.919356346130e-01, 1.0
618, 2.000000000000e+00, 4.543745517731e-02, -1.557762920856e-01, 1.0
619, 2.000000000000e+00, 9.397109597921e-02, -3.823979794979e-01, 1.0
620, 1.999999880791e+00, 1.500308662653e-01, -5.842070579529e-01, 1.0
621, 9.115900397301e-01, -7.061004042625e-01, -7.080140709877e-01, 1.0
622, 8.004232645035e-01, -5.691432356834e-01, -8.209872841835e-01, 1.0
623, 1.035097837448e+00, -5.579972863197e-01, -8.291221857071e-01, 1.0
624, 9.869134426117e-01, -2.040253281593e-01, -9.781194329262e-01, 1.0
625, 8.956131339073e-01, -4.019663333893e-01, -9.143736362457e-01, 1.0
626, 1.134074687958e+00, -3.780316412449e-01, -9.252661466599e-01, 1.0
627, 2.000000000000e+00, 8.255841583014e-02, 1.384742558002e-01, 1.0
628, 1.999999880791e+00, 1.518635451794e-01, 3.467034697533e-01, 1.0
629, 2.000000000000e+00, 2.371124923229e-01, 6.106459498405e-01, 1.0
630, 2.000000000000e+00, -1.007881537080e-01, 1.116896048188e-01, 1.0
631, 2.000000000000e+00, -9.555904567242e-02, 2.977690398693e-01, 1.0
632, 2.000000000000e+00, -6.141119450331e-02, 5.749105811119e-01, 1.0
633, 9.441390037537e-01, 7.117235660553e-01, 7.019858360291e-01, 1.0
634, 7.953297495842e-01, 5.662117600441e-01, 8.231267929077e-01, 1.0
635, 1.085910439491e+00, 5.374058485031e-01, 8.427149057388e-01, 1.0
636, 9.261653423309e-01, 2.093133032322e-01, 9.768764376640e-01, 1.0
637, 8.839479684830e-01, 3.939470052719e-01, 9.180231690407e-01, 1.0
638, 1.121299147606e+00, 3.225345313549e-01, 9.452848434448e-01, 1.0
639, -3.359577059746e-02, 1.978583484888e-01, -9.795690178871e-01, 1.0
640, 6.628656387329e-02, 3.897634744644e-01, -9.199270606041e-01, 1.0
641, 2.101618498564e-01, 2.033635526896e-01, -9.782749414444e-01, 1.0
642, 9.487101808190e-03, -2.481861561537e-01, 9.677390456200e-01, 1.0
643, 1.613478213549e-01, -4.348682165146e-01, 8.994002342224e-01, 1.0
644, 2.654845118523e-01, -2.954412102699e-01, 9.545001387596e-01, 1.0
645, -2.510333061218e-01, 1.066795960069e-01, 9.936442375183e-01, 1.0
646, -2.497089452014e-01, -3.057083719103e-01, 9.510079417283e-01, 1.0
647, -7.308859229088e-01, 1.041028946638e-01, 9.939981102943e-01, 1.0
648, -7.488765120506e-01, 2.841530740261e-01, 9.583395719528e-01, 1.0
649, 2.223810404539e-01, -1.914827376604e-01, -9.810676574707e-01, 1.0
650, 7.438709139824e-01, 2.024902701378e-01, -9.784802198410e-01, 1.0
651, -1.032173074782e-02, 2.453406453133e-01, 9.684078693390e-01, 1.0
652, -1.616157293320e-01, 4.359968900681e-01, 8.988865613937e-01, 1.0
653, -2.671336233616e-01, 2.916759252548e-01, 9.557808041573e-01, 1.0
654, -2.200821787119e-02, -2.025048732758e-01, -9.784768223763e-01, 1.0
655, -1.624127030373e-01, -3.926090002060e-01, -9.186320900917e-01, 1.0
656, -2.637907862663e-01, -1.936435848475e-01, -9.805597066879e-01, 1.0
657, -2.663314938545e-01, 1.852850168943e-01, -9.825244545937e-01, 1.0
658, -7.445982694626e-01, -1.910970807075e-01, -9.811583161354e-01, 1.0
659, 2.439451068640e-01, 1.132912412286e-01, 9.927362203598e-01, 1.0
660, 2.340167322138e-01, 2.953593551609e-01, 9.545279717908e-01, 1.0
661, 7.293216586113e-01, -1.031084805727e-01, 9.941346645355e-01, 1.0
662, 7.488926053047e-01, -2.850892841816e-01, 9.580211639404e-01, 1.0
663, -2.520120739937e-01, 9.945865869522e-01, -9.981755912304e-02, 1.0
664, -2.025420218706e-01, 9.523765444756e-01, 3.016845583916e-01, 1.0
665, -7.279589176178e-01, 9.948525428772e-01, -9.788126498461e-02, 1.0
666, -7.441207766533e-01, 9.585278034210e-01, -2.835997045040e-01, 1.0
667, 2.531264722347e-01, 9.948619008064e-01, 9.781284630299e-02, 1.0
668, 2.108932584524e-01, 9.525389075279e-01, -3.012072145939e-01, 1.0
669, 7.205311655998e-01, 9.960104823112e-01, 8.861927688122e-02, 1.0
670, 7.406751513481e-01, 9.648627042770e-01, 2.604227662086e-01, 1.0
671, -2.416320517659e-02, 9.691156148911e-01, -2.423299252987e-01, 1.0
672, -1.647818386555e-01, 9.038495421410e-01, -4.250915050507e-01, 1.0
673, -2.698825299740e-01, 9.578137993813e-01, -2.856988608837e-01, 1.0
674, 2.860175073147e-02, 9.697368144989e-01, 2.396870404482e-01, 1.0
675, 1.717002242804e-01, 9.074912667274e-01, 4.170893430710e-01, 1.0
676, 2.730133235455e-01, 9.597345590591e-01, 2.800518572330e-01, 1.0
677, -2.518274784088e-01, -9.950045943260e-01, 9.677376598120e-02, 1.0
678, -2.012525647879e-01, -9.517642855644e-01, -3.034847080708e-01, 1.0
679, -7.273131608963e-01, -9.950277805328e-01, 9.660489857197e-02, 1.0
680, -7.432994246483e-01, -9.593438506126e-01, 2.812004685402e-01, 1.0
681, 2.541125416756e-01, -9.942824840546e-01, -1.020318642259e-01, 1.0
682, 2.073290646076e-01, -9.542507529259e-01, 2.961743474007e-01, 1.0
683, 7.279223799706e-01, -9.938539862633e-01, -1.051521450281e-01, 1.0
684, 7.447628974915e-01, -9.575116038322e-01, -2.865874171257e-01, 1.0
685, -2.598284557462e-02, -9.702239632607e-01, 2.376145571470e-01, 1.0
686, -1.694712340832e-01, -9.073913693428e-01, 4.173088669777e-01, 1.0
687, -2.711081802845e-01, -9.594828486443e-01, 2.807918488979e-01, 1.0
688, 2.984197810292e-02, -9.689968228340e-01, -2.428352385759e-01, 1.0
689, 1.745774149895e-01, -9.046113491058e-01, -4.234175384045e-01, 1.0
690, 2.745231389999e-01, -9.576378464699e-01, -2.862162292004e-01, 1.0
691, -1.178096652031e+00, 9.920858740807e-01, 1.180269271135e-01, 1.0
692, -1.725735425949e+00, 9.914110302925e-01, 1.229407042265e-01, 1.0
693, -1.757894515991e+00, 9.624417424202e-01, -2.707221210003e-01, 1.0
694, -1.819608231390e+00, 8.946139213630e-01, -4.453854354800e-01, 1.0
695, -1.999999880791e+00, 8.477124571800e-01, -1.920340582728e-02, 1.0
696, -1.282682299614e+00, 8.392369151115e-01, -5.433676242828e-01, 1.0
697, -1.398073554039e+00, 7.077984809875e-01, -7.063394784927e-01, 1.0
698, -1.488694312722e+00, 8.065398383937e-01, -5.889382128576e-01, 1.0
699, -1.823517799377e+00, 9.031709432602e-01, 4.265826344490e-01, 1.0
700, -1.659231424332e+00, 9.404174685478e-01, 3.368447721004e-01, 1.0
701, -1.776709198952e+00, 7.972823977470e-01, 6.016222238541e-01, 1.0
702, -1.787073612213e+00, 6.368988752365e-01, 7.704023122787e-01, 1.0
703, -1.841696977615e+00, 9.571780562401e-01, 2.875680029392e-01, 1.0
704, -2.000000000000e+00, 6.726337671280e-01, 4.659664332867e-01, 1.0
705, -1.178254365921e+00, -9.921629428864e-01, -1.174655854702e-01, 1.0
706, -1.725927591324e+00, -9.925912022591e-01, -1.143473163247e-01, 1.0
707, -1.763559959385e+00, -9.550520894700e-01, 2.938184300709e-01, 1.0
708, -1.799079446124e+00, -8.930682740183e-01, 4.487817707077e-01, 1.0
709, -1.999999880791e+00, -8.516969084740e-01, 5.161646753550e-02, 1.0
710, -1.279476523399e+00, -8.393786549568e-01, 5.431246757507e-01, 1.0
711, -1.389062881470e+00, -7.083005309105e-01, 7.057825922966e-01, 1.0
712, -1.499772794248e+00, -8.023817711626e-01, 5.946353439579e-01, 1.0
713, -1.824001073837e+00, -9.094233512878e-01, -4.128438830376e-01, 1.0
714, -1.659862756729e+00, -9.429973363876e-01, -3.292598426342e-01, 1.0
715, -1.777934193611e+00, -8.103782534599e-01, -5.836790204048e-01, 1.0
716, -1.777726254696e+00, -6.621331463686e-01, -7.476524983831e-01, 1.0
717, -1.841958284378e+00, -9.620372653008e-01, -2.724429666996e-01, 1.0
718, -2.000000000000e+00, -7.050451636314e-01, -4.203405082226e-01, 1.0
719, -1.195754051208e+00, -1.001939028502e-01, 9.945349097252e-01, 1.0
720, -1.592118620872e+00, 6.246011704206e-02, 9.971881508827e-01, 1.0
721, -2.000000000000e+00, -1.257665008307e-01, 7.890686988831e-01, 1.0
722, -1.574913382530e+00, 3.132353127003e-01, 9.484477639198e-01, 1.0
723, -1.796739578247e+00, 2.225053608418e-01, 9.737755060196e-01, 1.0
724, -1.783880949020e+00, 4.429296255112e-01, 8.957315683365e-01, 1.0
725, -2.000000000000e+00, 8.800368010998e-02, 8.214959502220e-01, 1.0
726, -1.272918939590e+00, 5.599426627159e-01, 8.277023434639e-01, 1.0
727, -1.415710330009e+00, 6.976707577705e-01, 7.156137824059e-01, 1.0
728, -1.542836070061e+00, 5.422638058662e-01, 8.398808836937e-01, 1.0
729, -1.799698233604e+00, -4.285709261894e-01, 9.022660851479e-01, 1.0
730, -1.743979096413e+00, -1.912079900503e-01, 9.811322093010e-01, 1.0
731, -1.712238301706e+00, -5.790811228835e-01, 8.137340633631e-01, 1.0
732, -1.806758880615e+00, -7.097820043564e-01, 7.041393518448e-01, 1.0
733, -2.000000000000e+00, -3.036164045334e-01, 5.942497253418e-01, 1.0
734, -1.213689804077e+00, 1.922403424978e-01, -9.808895587921e-01, 1.0
735, -2.000000000000e+00, 1.182461771112e-01, -7.788977944695e-01, 1.0
736, -1.759486794472e+00, -2.373355478048e-01, -9.702895283699e-01, 1.0
737, -1.784512666438e+00, -4.737728099837e-01, -8.798375728821e-01, 1.0
738, -1.999999880791e+00, -3.578600287437e-02, -7.902878522873e-01, 1.0
739, -1.283738136292e+00, -5.594714879990e-01, -8.280462026596e-01, 1.0
740, -1.420899868011e+00, -7.039831876755e-01, -7.099227905273e-01, 1.0
741, -1.545942388850e+00, -5.646598512339e-01, -8.242594692246e-01, 1.0
742, -1.807202577591e+00, 4.388638138771e-01, -8.975818753242e-01, 1.0
743, -1.756177186966e+00, 2.317198365927e-01, -9.716095924377e-01, 1.0
744, -1.726349270463e+00, 5.755690900997e-01, -8.162973304137e-01, 1.0
745, -1.809785485268e+00, 7.003163099289e-01, -7.132286429405e-01, 1.0
746, -1.999999880791e+00, 3.477430939674e-01, -7.177153825760e-01, 1.0
747, 1.187468767166e+00, 9.933542013168e-01, -1.087915822864e-01, 1.0
748, 1.605492711067e+00, 9.991592764854e-01, -1.867518760264e-02, 1.0
749, 2.000000000000e+00, 8.293722867966e-01, 6.704132072628e-03, 1.0
750, 1.745894789696e+00, 9.708363413811e-01, 2.350094169378e-01, 1.0
751, 1.805842638016e+00, 8.898082375526e-01, 4.559452235699e-01, 1.0
752, 2.000000000000e+00, 8.088992238045e-01, 2.090505808592e-01, 1.0
753, 1.359279870987e+00, 8.167887926102e-01, 5.748957395554e-01, 1.0
754, 1.436222434044e+00, 7.082505226135e-01, 7.058381438255e-01, 1.0
755, 1.541242480278e+00, 7.905074954033e-01, 6.109047532082e-01, 1.0
756, 1.779416084290e+00, 9.201136231422e-01, -3.893535733223e-01, 1.0
757, 1.627503275871e+00, 9.692254066467e-01, -2.418628036976e-01, 1.0
758, 1.713509202003e+00, 8.210203647614e-01, -5.690978169441e-01, 1.0
759, 1.753256201744e+00, 6.710938215256e-01, -7.395740747452e-01, 1.0
760, 1.807646036148e+00, 9.855393767357e-01, -1.656957417727e-01, 1.0
761, 2.000000000000e+00, 5.913804769516e-01, -3.753059506416e-01, 1.0
762, 1.176923751831e+00, -9.920117855072e-01, 1.185664832592e-01, 1.0
763, 1.723208427429e+00, -9.958042502403e-01, 9.095104038715e-02, 1.0
764, 1.758045911789e+00, -9.572384357452e-01, -2.873905003071e-01, 1.0
765, 1.804332733154e+00, -8.851730823517e-01, -4.646269977093e-01, 1.0
766, 2.000000000000e+00, -8.426439166069e-01, -7.439325749874e-02, 1.0
767, 1.284058451653e+00, -8.362873792648e-01, -5.481799244881e-01, 1.0
768, 1.402383804321e+00, -7.032890319824e-01, -7.105486392975e-01, 1.0
769, 1.513400077820e+00, -7.941756844521e-01, -6.058787703514e-01, 1.0
770, 1.740731120110e+00, -9.411329030991e-01, 3.347412943840e-01, 1.0
771, 1.762910604477e+00, -8.329159617424e-01, 5.527992248535e-01, 1.0
772, 1.766501784325e+00, -6.688981652260e-01, 7.415535449982e-01, 1.0
773, 2.000000000000e+00, -5.604203939438e-01, 3.775880336761e-01, 1.0
774, 1.230162620544e+00, -1.869037300348e-01, -9.821439981461e-01, 1.0
775, 2.000000000000e+00, -1.477923691273e-01, -8.430205583572e-01, 1.0
776, 1.770322561264e+00, 2.155383974314e-01, -9.754131436348e-01, 1.0
777, 1.771059513092e+00, 4.521481096745e-01, -8.915362954140e-01, 1.0
778, 2.000000000000e+00, 8.778445422649e-02, -7.788264155388e-01, 1.0
779, 1.251467585564e+00, 5.493707656860e-01, -8.354182839394e-01, 1.0
780, 1.335937976837e+00, 6.843928694725e-01, -7.275843620300e-01, 1.0
781, 1.512459158897e+00, 5.589722990990e-01, -8.284105658531e-01, 1.0
782, 1.799886394592e+00, -4.376206370119e-01, -8.981476244077e-01, 1.0
783, 1.773391723633e+00, -2.643035650253e-01, -9.639505147934e-01, 1.0
784, 1.723155021667e+00, -5.766869783401e-01, -8.154814243317e-01, 1.0
785, 1.811267852783e+00, -6.931252479553e-01, -7.197117209435e-01, 1.0
786, 2.000000000000e+00, -3.755997121334e-01, -5.025445222855e-01, 1.0
787, 1.153079032898e+00, 1.069822534919e-01, 9.936026334763e-01, 1.0
788, 1.595817685127e+00, 5.042277649045e-02, 9.977300167084e-01, 1.0
789, 2.000000000000e+00, 6.676733493805e-02, 8.197370767593e-01, 1.0
790, 1.741629958153e+00, -1.981944143772e-01, 9.794900417328e-01, 1.0
791, 1.765641927719e+00, -4.550953507423e-01, 8.901950120926e-01, 1.0
792, 2.000000000000e+00, -1.458143889904e-01, 8.066282272339e-01, 1.0
793, 1.260594606400e+00, -5.577509403229e-01, 8.293019533157e-01, 1.0
794, 1.365519762039e+00, -6.762107014656e-01, 7.349609732628e-01, 1.0
795, 1.517563700676e+00, -5.611302256584e-01, 8.268355727196e-01, 1.0
796, 1.777695059776e+00, 4.115481972694e-01, 9.100130200386e-01, 1.0
797, 1.617356657982e+00, 2.733479738235e-01, 9.618245363235e-01, 1.0
798, 1.712294936180e+00, 5.821881890297e-01, 8.114663362503e-01, 1.0
799, 1.812874197960e+00, 6.994016170502e-01, 7.140533328056e-01, 1.0
800, 1.803505659103e+00, 2.043988704681e-01, 9.780315756798e-01, 1.0
801, -2.000000000000e+00, 3.324136435986e-01, -4.828769862652e-01, 1.0
802, -2.000000000000e+00, 5.900654792786e-01, -3.794269263744e-01, 1.0
803, -2.000000000000e+00, -3.617314696312e-01, 2.586285173893e-01, 1.0
804, -1.999999880791e+00, 4.459080398083e-01, 4.063713252544e-01, 1.0
805, -2.000000000000e+00, 5.014842748642e-01, 6.591132283211e-01, 1.0
806, -2.000000000000e+00, -4.844981431961e-01, -3.554048240185e-01, 1.0
807, -2.000000000000e+00, -3.639442026615e-01, -6.078764200211e-01, 1.0
808, 1.999999880791e+00, 4.218934178352e-01, 3.700219988823e-01, 1.0
809, 2.000000000000e+00, 6.794521808624e-01, 3.886310756207e-01, 1.0
810, 2.000000000000e+00, -4.480464160442e-01, -3.030172288418e-01, 1.0
811, 2.000000000000e+00, -6.224155426025e-01, -4.327847361565e-01, 1.0
812, 2.000000000000e+00, 3.349387645721e-01, -4.724563956261e-01, 1.0
813, 1.999999880791e+00, 3.271528780460e-01, -7.010691165924e-01, 1.0
814, 2.000000000000e+00, -3.128466308117e-01, 4.514849185944e-01, 1.0
815, 1.999999880791e+00, -3.203766047955e-01, 6.991359591484e-01, 1.0
816, -4.831895232201e-01, -3.317374968901e-03, 9.998506307602e-01, 1.0
817, 4.880295991898e-01, 7.726018782705e-03, 9.996522068977e-01, 1.0
818, -4.800795912743e-01, 9.990541338921e-01, 2.101050131023e-02, 1.0
819, 4.801782071590e-01, 9.991206526756e-01, -1.953297294676e-02, 1.0
820, -4.796574115753e-01, -9.989948868752e-01, -2.232647314668e-02, 1.0
821, 4.815992712975e-01, -9.994062781334e-01, 1.318867877126e-02, 1.0
822, -1.450773000717e+00, 9.997671842575e-01, 5.171096418053e-03, 1.0
823, -1.450894117355e+00, -9.998680353165e-01, -2.931643975899e-03, 1.0
824, -1.361201524734e+00, 2.619343437254e-02, 9.988207817078e-01, 1.0
825, -1.614194154739e+00, 7.027041912079e-01, 7.110758423805e-01, 1.0
826, -1.605640411377e+00, -7.065514922142e-01, 7.076073884964e-01, 1.0
827, -1.618087649345e+00, -7.165429592133e-01, -6.966400742531e-01, 1.0
828, -1.625289648609e+00, 7.058276870973e-01, -7.082599186177e-01, 1.0
829, 1.365170359612e+00, 9.995225071907e-01, 1.060597784817e-02, 1.0
830, 1.453077554703e+00, -9.999490380287e-01, -1.132589997724e-03, 1.0
831, 1.620322816032e+00, -7.058602203779e-01, -7.082305884123e-01, 1.0
832, 1.350319981575e+00, 1.198317296803e-02, 9.994605183601e-01, 1.0
833, 1.626242160797e+00, 7.035374045372e-01, 7.103247046471e-01, 1.0
834, -1.878527253866e-01, 6.951057314873e-01, -7.179262638092e-01, 1.0
835, -2.151886929508e-01, -7.105967052258e-01, 7.032357061143e-01, 1.0
836, 4.808608591557e-01, 4.340017735958e-01, -8.997945189476e-01, 1.0
837, 2.103611140383e-01, 7.304772699828e-01, 6.811840366969e-01, 1.0
838, 2.128711938858e-01, -7.049472928047e-01, -7.090536355972e-01, 1.0
839, 2.800117135048e-01, 7.001574635506e-01, -7.133718729019e-01, 1.0
840, -2.359867140120e-01, 7.037156339601e-01, 7.101640288403e-01, 1.0
841, 2.401119172573e-01, -7.119091153145e-01, 7.017799615860e-01, 1.0
842, -2.297340035439e-01, -7.011945843697e-01, -7.124368548393e-01, 1.0
843, -6.910126209259e-01, 7.046101093292e-01, 7.093576192856e-01, 1.0
844, -1.177592277527e+00, 7.090073823929e-01, 7.049986124039e-01, 1.0
845, -6.902377605438e-01, -6.959384679794e-01, -7.171755433083e-01, 1.0
846, -1.182051897049e+00, -7.079406976700e-01, -7.061817646027e-01, 1.0
847, -6.790741682053e-01, -7.144339084625e-01, 6.989794373512e-01, 1.0
848, -1.146544456482e+00, -7.130848765373e-01, 7.004757523537e-01, 1.0
849, -6.745215654373e-01, 7.000345587730e-01, -7.134826779366e-01, 1.0
850, -1.154073476791e+00, 7.080510854721e-01, -7.060593366623e-01, 1.0
851, 7.129635503630e-01, 6.893157678224e-01, -7.231461512287e-01, 1.0
852, 1.130180954933e+00, 6.910421848297e-01, -7.215896844864e-01, 1.0
853, 6.900582504450e-01, -6.942210988208e-01, 7.187237762727e-01, 1.0
854, 1.165638446808e+00, -6.928812861443e-01, 7.199316620827e-01, 1.0
855, 6.764604449272e-01, -7.040437459946e-01, -7.098682522774e-01, 1.0
856, 1.160079002380e+00, -7.033120393753e-01, -7.105278968811e-01, 1.0
857, 6.751413345337e-01, 7.148241996765e-01, 6.985465288162e-01, 1.0
858, 1.211183547974e+00, 7.101433873177e-01, 7.037385702133e-01, 1.0
859, 1.139581901953e-03, -9.998871088028e-01, -2.507806755602e-03, 1.0
860, 9.881730657071e-04, 9.999206066132e-01, -1.764074433595e-03, 1.0
861, -1.017079688609e-03, -4.952799528837e-03, 9.997770190239e-01, 1.0
1189, 1.828190684319e+00, 1.745237223804e-02, 9.992142915726e-01, 1.0
1190, -1.826567530632e+00, 2.918930724263e-02, 9.986859560013e-01, 1.0
1191, 9.497400522232e-01, 9.995120763779e-01, -1.083887089044e-02, 1.0
1192, 9.473928809166e-01, -4.688971210271e-03, 9.997888803482e-01, 1.0
1193, 9.491950273514e-01, -9.999054074287e-01, -2.101623453200e-03, 1.0
1194, -9.517878293991e-01, 9.997684359550e-01, 5.143234040588e-03, 1.0
1884, 1.831806540489e+00, 9.989281892776e-01, 2.380853891373e-02, 1.0
3148, -9.515576362610e-01, -9.997607469559e-01, -5.314295180142e-03, 1.0
3149, -9.604953527451e-01, -4.427548497915e-03, 9.998006820679e-01, 1.0
22470, 3.562499955297e-01, -2.449293598295e-16, -1.000000000000e+00, 1.0
22471, 5.937499850988e-01, -2.449293598295e-16, -1.000000000000e+00, 1.0
22472, -3.562499955297e-01, -2.449293598295e-16, -1.000000000000e+00, 1.0
22473, -5.937499850988e-01, -2.449293598295e-16, -1.000000000000e+00, 1.0
22474, -1.312499940395e+00, -2.449293598295e-16, -1.000000000000e+00, 1.0
22475, 1.312499940395e+00, -2.449293598295e-16, -1.000000000000e+00, 1.0
22476, 1.999999974420e+00, 2.075966186821e-01, -1.579705253266e-02, 1.0
22477, -2.581385581737e-01, -1.279007279637e-01, 9.907298657989e-01, 1.0
22478, -7.128534018993e-01, -1.238790897872e-01, 9.912821687695e-01, 1.0
22479, 2.442399859428e-01, -1.216892622514e-01, 9.915829039923e-01, 1.0
22480, 7.122576534748e-01, 1.442946529804e-01, 9.884784416057e-01, 1.0
22481, -2.340757176280e-01, 9.889472717685e-01, 1.408808287186e-01, 1.0
22482, -7.127945125103e-01, 9.883653997564e-01, 1.451177762313e-01, 1.0
22483, 2.344518378377e-01, 9.887104191496e-01, -1.426054899733e-01, 1.0
22484, 7.122576534748e-01, 9.910740870776e-01, -1.253942532395e-01, 1.0
22485, -2.340547814965e-01, -9.889072074601e-01, -1.411725601790e-01, 1.0
22486, -7.127945125103e-01, -9.884296385727e-01, -1.446500161618e-01, 1.0
22487, 2.347481027245e-01, -9.889599050933e-01, 1.407888381551e-01, 1.0
22488, -1.187794387341e+00, 9.914120035831e-01, -1.229336872261e-01, 1.0
22489, -1.709000051022e+00, 9.904825199321e-01, -1.297017966406e-01, 1.0
22490, -1.187794387341e+00, -9.914010112753e-01, 1.230137285923e-01, 1.0
22491, -1.709000051022e+00, -9.904825195241e-01, 1.297017996114e-01, 1.0
22492, -1.187853336334e+00, 1.250976287870e-01, 9.911148233545e-01, 1.0
22493, -1.999999928896e+00, -2.181535735729e-01, -7.121259570121e-01, 1.0
22494, 1.187257647514e+00, 9.885099953494e-01, 1.440648918762e-01, 1.0
22495, 1.187794387341e+00, -9.913585120556e-01, -1.233231900542e-01, 1.0
22496, 1.709000051022e+00, -9.904825195241e-01, -1.297017996114e-01, 1.0
22497, 1.999999890408e+00, -3.520157486204e-01, -7.671079635619e-01, 1.0
22498, 1.187257647514e+00, -1.448552761029e-01, 9.884014496431e-01, 1.0
22500, -1.859375000000e+00, -2.449293598295e-16, -1.000000000000e+00, 1.0
