"PointID","x","y","Surface_Sensitivity"
0, 9.997500181200e-01, -3.632896519016e-05, 0.0
1, 9.990000128750e-01, -1.452537504053e-04, 0.0
2, 9.977599978450e-01, -3.251111630156e-04, 0.0
3, 9.960200190540e-01, -5.769983605901e-04, 0.0
4, 9.937800168990e-01, -9.004365425510e-04, 0.0
5, 9.910500049590e-01, -1.293363843462e-03, 0.0
6, 9.878399968150e-01, -1.753609743384e-03, 0.0
7, 9.841300249100e-01, -2.283176811071e-03, 0.0
8, 9.799500107770e-01, -2.876826092033e-03, 0.0
9, 9.752799868580e-01, -3.536324145770e-03, 0.0
10, 9.701499938960e-01, -4.256268552404e-03, 0.0
11, 9.645400047300e-01, -5.038225493363e-03, 0.0
12, 9.584699869160e-01, -5.878077433056e-03, 0.0
13, 9.519400000570e-01, -6.774428848840e-03, 0.0
14, 9.449599981310e-01, -7.724467125531e-03, 0.0
15, 9.375399947170e-01, -8.725349486404e-03, 0.0
16, 9.296900033950e-01, -9.774221272350e-03, 0.0
17, 9.214000105860e-01, -1.087086069706e-02, 0.0
18, 9.126999974250e-01, -1.200973104171e-02, 0.0
19, 9.035800099370e-01, -1.319055953447e-02, 0.0
20, 8.940600156780e-01, -1.440916392229e-02, 0.0
21, 8.841500282290e-01, -1.566269158090e-02, 0.0
22, 8.738499879840e-01, -1.694956337678e-02, 0.0
23, 8.631799817090e-01, -1.826569132103e-02, 0.0
24, 8.521599769590e-01, -1.960709133914e-02, 0.0
25, 8.407700061800e-01, -2.097463226218e-02, 0.0
26, 8.290500044820e-01, -2.236196298316e-02, 0.0
27, 8.170099854470e-01, -2.376642068849e-02, 0.0
28, 8.046399950980e-01, -2.518763605296e-02, 0.0
29, 7.919700145720e-01, -2.662062628443e-02, 0.0
30, 7.790099978450e-01, -2.806276676215e-02, 0.0
31, 7.657799720760e-01, -2.951033727360e-02, 0.0
32, 7.522799968720e-01, -3.096181144523e-02, 0.0
33, 7.385200262070e-01, -3.241453277608e-02, 0.0
34, 7.245299816130e-01, -3.386376679305e-02, 0.0
35, 7.103199958800e-01, -3.530689307159e-02, 0.0
36, 6.958900094030e-01, -3.674225211597e-02, 0.0
37, 6.812700033190e-01, -3.816515293304e-02, 0.0
38, 6.664699912070e-01, -3.957289370556e-02, 0.0
39, 6.514999866490e-01, -4.096270419334e-02, 0.0
40, 6.363800168040e-01, -4.233084266562e-02, 0.0
41, 6.211299896240e-01, -4.367359094195e-02, 0.0
42, 6.057599782940e-01, -4.498807223669e-02, 0.0
43, 5.902799963950e-01, -4.627132533376e-02, 0.0
44, 5.747100114820e-01, -4.751950934859e-02, 0.0
45, 5.590599775310e-01, -4.872955796694e-02, 0.0
46, 5.433599948880e-01, -4.989683951066e-02, 0.0
47, 5.276100039480e-01, -5.101897737546e-02, 0.0
48, 5.118399858470e-01, -5.209138375948e-02, 0.0
49, 4.960500001910e-01, -5.311153541819e-02, 0.0
50, 4.802699983120e-01, -5.407492053960e-02, 0.0
51, 4.645099937920e-01, -5.497835513414e-02, 0.0
52, 4.487800002100e-01, -5.581859897364e-02, 0.0
53, 4.331099987030e-01, -5.659141825851e-02, 0.0
54, 4.174999892710e-01, -5.729416860687e-02, 0.0
55, 4.019699990750e-01, -5.792324246601e-02, 0.0
56, 3.865399956700e-01, -5.847520956656e-02, 0.0
57, 3.712300062180e-01, -5.894684318665e-02, 0.0
58, 3.560400009160e-01, -5.933561549046e-02, 0.0
59, 3.409900069240e-01, -5.963847719944e-02, 0.0
60, 3.261100053790e-01, -5.985254444802e-02, 0.0
61, 3.113999962810e-01, -5.997565198183e-02, 0.0
62, 2.968699932100e-01, -6.000550062926e-02, 0.0
63, 2.825500071050e-01, -5.994005483718e-02, 0.0
64, 2.684499919410e-01, -5.977765596977e-02, 0.0
65, 2.545700073240e-01, -5.951657836311e-02, 0.0
66, 2.409400045870e-01, -5.915585896898e-02, 0.0
67, 2.275699973110e-01, -5.869456802648e-02, 0.0
68, 2.144699990750e-01, -5.813197420945e-02, 0.0
69, 2.016600072380e-01, -5.746811193676e-02, 0.0
70, 1.891400069000e-01, -5.670228146432e-02, 0.0
71, 1.769299954180e-01, -5.583513598034e-02, 0.0
72, 1.650400012730e-01, -5.486709202536e-02, 0.0
73, 1.534900069240e-01, -5.379977779146e-02, 0.0
74, 1.422899961470e-01, -5.263443049277e-02, 0.0
75, 1.314399987460e-01, -5.137133628795e-02, 0.0
76, 1.209499984980e-01, -5.001187382363e-02, 0.0
77, 1.108499988910e-01, -4.856066993423e-02, 0.0
78, 1.011300012470e-01, -4.701715290498e-02, 0.0
79, 9.181000292300e-02, -4.538527151431e-02, 0.0
80, 8.290000259900e-02, -4.366791468532e-02, 0.0
81, 7.440000027400e-02, -4.186607976499e-02, 0.0
82, 6.633000075800e-02, -3.998513962421e-02, 0.0
83, 5.869000032500e-02, -3.802635805631e-02, 0.0
84, 5.149000138000e-02, -3.599337852580e-02, 0.0
85, 4.473999887700e-02, -3.389028465846e-02, 0.0
86, 3.844000026600e-02, -3.171811260405e-02, 0.0
87, 3.260000050100e-02, -2.948109446637e-02, 0.0
88, 2.723000012300e-02, -2.718419978786e-02, 0.0
89, 2.232000045500e-02, -2.482329437157e-02, 0.0
90, 1.789999939500e-02, -2.241364555514e-02, 0.0
91, 1.394999958600e-02, -1.994492353858e-02, 0.0
92, 1.049000024800e-02, -1.742916196962e-02, 0.0
93, 7.519999985000e-03, -1.486756313872e-02, 0.0
94, 5.040000193000e-03, -1.226032473458e-02, 0.0
95, 3.049999941000e-03, -9.605565346413e-03, 0.0
96, 1.560000004000e-03, -6.917517506923e-03, 0.0
97, 5.600000150000e-04, -4.173159738461e-03, 0.0
98, 5.999999800000e-05, -1.375329724321e-03, 0.0
99, 0.000000000000e+00, 0.000000000000e+00, 1.0
100, 5.999999800000e-05, 1.375329724321e-03, 1.0
101, 5.600000150000e-04, 4.173159738461e-03, 1.0
102, 1.560000004000e-03, 6.917517506923e-03, 1.0
103, 3.049999941000e-03, 9.605565346413e-03, 1.0
104, 5.040000193000e-03, 1.226032473458e-02, 1.0
105, 7.519999985000e-03, 1.486756313872e-02, 1.0
106, 1.049000024800e-02, 1.742916196962e-02, 1.0
107, 1.394999958600e-02, 1.994492353858e-02, 1.0
108, 1.789999939500e-02, 2.241364555514e-02, 1.0
109, 2.232000045500e-02, 2.482329437157e-02, 1.0
110, 2.723000012300e-02, 2.718419978786e-02, 1.0
111, 3.260000050100e-02, 2.948109446637e-02, 1.0
112, 3.844000026600e-02, 3.171811260405e-02, 1.0
113, 4.473999887700e-02, 3.389028465846e-02, 1.0
114, 5.149000138000e-02, 3.599337852580e-02, 1.0
115, 5.869000032500e-02, 3.802635805631e-02, 1.0
116, 6.633000075800e-02, 3.998513962421e-02, 1.0
117, 7.440000027400e-02, 4.186607976499e-02, 1.0
118, 8.290000259900e-02, 4.366791468532e-02, 1.0
119, 9.181000292300e-02, 4.538527151431e-02, 1.0
120, 1.011300012470e-01, 4.701715290498e-02, 1.0
121, 1.108499988910e-01, 4.856066993423e-02, 1.0
122, 1.209499984980e-01, 5.001187382363e-02, 1.0
123, 1.314399987460e-01, 5.137133628795e-02, 1.0
124, 1.422899961470e-01, 5.263443049277e-02, 1.0
125, 1.534900069240e-01, 5.379977779146e-02, 1.0
126, 1.650400012730e-01, 5.486709202536e-02, 1.0
127, 1.769299954180e-01, 5.583513598034e-02, 1.0
128, 1.891400069000e-01, 5.670228146432e-02, 1.0
129, 2.016600072380e-01, 5.746811193676e-02, 1.0
130, 2.144699990750e-01, 5.813197420945e-02, 1.0
131, 2.275699973110e-01, 5.869456802648e-02, 1.0
132, 2.409400045870e-01, 5.915585896898e-02, 1.0
133, 2.545700073240e-01, 5.951657836311e-02, 1.0
134, 2.684499919410e-01, 5.977765596977e-02, 1.0
135, 2.825500071050e-01, 5.994005483718e-02, 1.0
136, 2.968699932100e-01, 6.000550062926e-02, 1.0
137, 3.113999962810e-01, 5.997565198183e-02, 1.0
138, 3.261100053790e-01, 5.985254444802e-02, 1.0
139, 3.409900069240e-01, 5.963847719944e-02, 1.0
140, 3.560400009160e-01, 5.933561549046e-02, 1.0
141, 3.712300062180e-01, 5.894684318665e-02, 1.0
142, 3.865399956700e-01, 5.847520956656e-02, 1.0
143, 4.019699990750e-01, 5.792324246601e-02, 1.0
144, 4.174999892710e-01, 5.729416860687e-02, 1.0
145, 4.331099987030e-01, 5.659141825851e-02, 1.0
146, 4.487800002100e-01, 5.581859897364e-02, 1.0
147, 4.645099937920e-01, 5.497835513414e-02, 1.0
148, 4.802699983120e-01, 5.407492053960e-02, 1.0
149, 4.960500001910e-01, 5.311153541819e-02, 1.0
150, 5.118399858470e-01, 5.209138375948e-02, 1.0
151, 5.276100039480e-01, 5.101897737546e-02, 1.0
152, 5.433599948880e-01, 4.989683951066e-02, 1.0
153, 5.590599775310e-01, 4.872955796694e-02, 1.0
154, 5.747100114820e-01, 4.751950934859e-02, 1.0
155, 5.902799963950e-01, 4.627132533376e-02, 1.0
156, 6.057599782940e-01, 4.498807223669e-02, 1.0
157, 6.211299896240e-01, 4.367359094195e-02, 1.0
158, 6.363800168040e-01, 4.233084266562e-02, 1.0
159, 6.514999866490e-01, 4.096270419334e-02, 1.0
160, 6.664699912070e-01, 3.957289370556e-02, 1.0
161, 6.812700033190e-01, 3.816515293304e-02, 1.0
162, 6.958900094030e-01, 3.674225211597e-02, 1.0
163, 7.103199958800e-01, 3.530689307159e-02, 1.0
164, 7.245299816130e-01, 3.386376679305e-02, 1.0
165, 7.385200262070e-01, 3.241453277608e-02, 1.0
166, 7.522799968720e-01, 3.096181144523e-02, 1.0
167, 7.657799720760e-01, 2.951033727360e-02, 1.0
168, 7.790099978450e-01, 2.806276676215e-02, 1.0
169, 7.919700145720e-01, 2.662062628443e-02, 1.0
170, 8.046399950980e-01, 2.518763605296e-02, 1.0
171, 8.170099854470e-01, 2.376642068849e-02, 1.0
172, 8.290500044820e-01, 2.236196298316e-02, 1.0
173, 8.407700061800e-01, 2.097463226218e-02, 1.0
174, 8.521599769590e-01, 1.960709133914e-02, 1.0
175, 8.631799817090e-01, 1.826569132103e-02, 1.0
176, 8.738499879840e-01, 1.694956337678e-02, 1.0
177, 8.841500282290e-01, 1.566269158090e-02, 1.0
178, 8.940600156780e-01, 1.440916392229e-02, 1.0
179, 9.035800099370e-01, 1.319055953447e-02, 1.0
180, 9.126999974250e-01, 1.200973104171e-02, 1.0
181, 9.214000105860e-01, 1.087086069706e-02, 1.0
182, 9.296900033950e-01, 9.774221272350e-03, 1.0
183, 9.375399947170e-01, 8.725349486404e-03, 1.0
184, 9.449599981310e-01, 7.724467125531e-03, 1.0
185, 9.519400000570e-01, 6.774428848840e-03, 1.0
186, 9.584699869160e-01, 5.878077433056e-03, 1.0
187, 9.645400047300e-01, 5.038225493363e-03, 1.0
188, 9.701499938960e-01, 4.256268552404e-03, 1.0
189, 9.752799868580e-01, 3.536324145770e-03, 1.0
190, 9.799500107770e-01, 2.876826092033e-03, 1.0
191, 9.841300249100e-01, 2.283176811071e-03, 1.0
192, 9.878399968150e-01, 1.753609743384e-03, 1.0
193, 9.910500049590e-01, 1.293363843462e-03, 1.0
194, 9.937800168990e-01, 9.004365425510e-04, 1.0
195, 9.960200190540e-01, 5.769983605901e-04, 1.0
196, 9.977599978450e-01, 3.251111630156e-04, 1.0
197, 9.990000128750e-01, 1.452537504053e-04, 1.0
198, 9.997500181200e-01, 3.632896519016e-05, 1.0
199, 1.000000000000e+00, 0.000000000000e+00, 1.0
